self-prob,accuracy,num_arcs,num_states,decode_time,backtrace_time,forward_cnt
,0.8876830821663595,230.0,116.0,5.205924204033865,0.001087904648042061,106198.98591549296
