self-prob,accuracy,num_arcs,num_states,decode_time,backtrace_time,forward_cnt
,1.0653620856267916,230.0,116.0,2.913670163154602,0.0005686116218566894,465.42
