self-prob,accuracy,num_arcs,num_states,decode_time,backtrace_time,forward_cnt
,1.0653620856267916,230.0,116.0,2.8504375791549683,0.0005548334121704101,465.42
