self-prob,accuracy,num_arcs,num_states,decode_time,backtrace_time,forward_cnt
,1.0333333333333332,230.0,116.0,4.776391506195068,0.0010589758555094402,790.6666666666666
