self-prob,accuracy,num_arcs,num_states,decode_time,backtrace_time,forward_cnt
,0.5313662775133364,248.0,121.0,2.9935083985328674,0.00041886091232299803,465.42
