threshold,accuracy,num_arcs,num_states,decode_time,backtrace_time,forward_cnt
0.1,1.003425024323293,230.0,116.0,1.9286667548434835,0.0007144713065993618,10694.495774647887
0.2,1.0802137651686348,230.0,116.0,2.361968462232133,0.001017887491575429,22116.698591549295
0.30000000000000004,1.0213779207609066,230.0,116.0,2.6391135329931554,0.0009269009173755914,32912.04507042254
0.4,0.9366730179417129,230.0,116.0,3.036064653665247,0.0010563360133641203,44596.873239436616
0.5,0.9259764697140959,230.0,116.0,3.440473905751403,0.001270204866436166,56141.1661971831
0.6000000000000001,0.9116465448290761,230.0,116.0,3.760589230228478,0.0012544020800523356,66635.59436619718
0.7000000000000001,0.9055690611418161,230.0,116.0,4.156185532959414,0.00138686542779627,77914.47323943661
0.8,0.8876123860393252,230.0,116.0,4.45313730575669,0.0014785437516763177,87715.2338028169
0.9,0.8871744749676115,230.0,116.0,4.937826438688896,0.0017028526521064866,98058.15774647887
