self-prob,accuracy,num_arcs,num_states,decode_time,backtrace_time,forward_cnt
,0.9770114574967518,230.0,116.0,2.810792796611786,0.00045098066329956054,465.42
