self-prob,accuracy,num_arcs,num_states,decode_time,backtrace_time,forward_cnt
,1.0633620856267916,230.0,116.0,2.792063262462616,0.0004378724098205566,465.42
